{"proxies":{"ti.reviewdialog.TitaniumReviewDialogModule":{"superPackageName":"org.appcelerator.kroll","methods":{"requestReview":{"runOnUiThread":false,"hasInvocation":false,"args":[{"converter":"org.appcelerator.kroll.KrollConverter","defaultValueProvider":"org.appcelerator.kroll.KrollConverter","name":"configuration","sourceName":"configuration","type":"org.appcelerator.kroll.KrollDict"}],"apiName":"requestReview","converter":"org.appcelerator.kroll.KrollConverter","defaultValueProvider":"org.appcelerator.kroll.KrollConverter","name":"__default_name__","returnType":"void"},"isSupported":{"runOnUiThread":false,"hasInvocation":false,"args":[],"apiName":"isSupported","converter":"org.appcelerator.kroll.KrollConverter","defaultValueProvider":"org.appcelerator.kroll.KrollConverter","name":"__default_name__","returnType":"boolean"}},"superProxyBindingClassName":"org.appcelerator.kroll.KrollModuleBindingGen","proxyClassName":"TitaniumReviewDialogModule","proxyAttrs":{"propertyAccessors":[],"fullAPIName":"TitaniumReviewDialog","name":"TitaniumReviewDialog","proxyClassName":"ti.reviewdialog.TitaniumReviewDialogModule","isTopLevel":false,"id":"ti.reviewdialog"},"packageName":"ti.reviewdialog","sourceName":"ti.reviewdialog.TitaniumReviewDialogModuleBindingGen","superProxyClassName":"KrollModule","isModule":true,"genClassName":"TitaniumReviewDialogModuleBindingGen"}},"modules":{"ti.reviewdialog.TitaniumReviewDialogModule":{"apiName":"TitaniumReviewDialog"}}}